study_hours,past_performance,exam_score
4.4,74.1,62.7
9.6,92.5,87.2
7.6,81.4,78.4
6.4,63.1,65.7
2.4,59.2,48.0
2.4,75.9,56.5
1.5,54.2,43.2
8.8,92.0,91.8
6.4,84.2,79.8
7.4,64.4,67.7
1.2,49.4,33.0
9.7,86.2,86.5
8.5,68.6,76.9
2.9,84.9,57.0
2.6,50.9,41.6
2.7,62.8,45.0
3.7,70.1,55.3
5.7,70.6,68.8
4.9,64.6,56.8
3.6,77.5,59.4
6.5,57.2,50.3
2.3,68.3,52.6
3.6,71.4,58.8
4.3,76.2,71.6
5.1,78.5,63.5
8.1,56.5,63.2
2.8,51.6,42.0
5.6,85.3,78.8
6.3,74.0,66.1
1.4,61.0,43.0
6.5,88.6,78.8
2.5,71.4,52.6
1.6,84.2,53.8
9.5,70.8,76.8
9.7,94.7,96.1
8.3,91.1,78.5
3.7,67.0,54.0
1.9,81.7,52.1
7.2,77.7,77.7
5.0,86.4,61.6
2.1,58.4,39.6
5.5,78.2,67.9
1.3,82.7,62.0
9.2,48.9,61.2
3.3,55.8,42.4
7.0,45.5,61.1
3.8,66.8,46.1
5.7,78.6,56.1
5.9,88.0,75.7
2.7,70.9,49.3
9.7,89.5,82.7
8.0,53.4,63.5
9.5,49.6,64.0
9.1,69.3,70.5
6.4,74.6,60.7
9.3,69.6,78.7
1.8,45.2,36.7
2.8,68.9,50.5
1.4,54.3,46.8
3.9,78.0,55.2
4.5,74.4,52.8
3.4,58.7,43.8
8.5,63.8,67.7
4.2,57.3,50.3
3.5,69.2,52.7
5.9,81.5,71.2
2.3,58.2,36.6
8.2,76.0,81.6
1.7,63.6,43.6
9.9,60.5,76.5
8.0,68.7,70.8
2.8,57.6,46.6
1.0,63.4,44.5
8.3,55.6,64.8
7.4,93.6,85.1
7.6,70.4,75.4
7.9,61.6,65.7
1.7,72.6,52.9
4.2,68.7,55.5
2.0,67.3,54.8
8.8,77.4,73.7
6.6,79.1,79.6
4.0,63.6,51.9
1.6,63.1,36.2
3.8,66.7,54.0
3.9,42.4,35.8
7.6,51.8,61.8
6.7,86.4,72.2
9.0,89.7,83.1
5.2,67.0,49.1
2.1,76.9,51.2
7.4,73.7,58.1
7.8,100.0,79.5
6.1,83.4,75.0
7.9,68.5,72.8
5.4,58.5,56.3
5.7,50.7,45.6
4.8,72.4,60.2
1.2,60.9,40.8
2.0,52.9,32.9
1.3,62.2,49.4
6.7,57.0,62.1
3.8,90.2,66.4
5.6,80.6,68.0
9.2,69.9,75.1
3.2,87.8,53.8
4.7,70.9,57.7
7.8,59.7,59.7
3.1,88.3,58.7
1.7,76.5,50.4
3.6,57.6,56.1
2.5,67.7,52.4
9.4,59.5,65.6
8.3,53.4,63.9
6.7,81.1,79.1
8.8,92.9,91.3
8.2,53.2,61.0
2.7,76.8,52.2
9.0,62.2,72.4
5.9,64.2,60.9
8.3,62.9,71.1
9.1,59.6,70.7
3.9,70.6,61.1
2.0,60.0,40.3
3.1,73.2,61.2
4.8,69.4,59.6
8.4,67.1,79.9
8.7,59.1,62.6
1.1,63.1,50.2
5.6,79.1,68.0
4.8,76.0,59.0
3.0,58.3,43.0
2.1,71.2,48.4
4.0,79.0,63.7
9.5,50.0,65.8
3.9,76.5,56.7
5.7,62.0,56.9
7.3,76.8,82.5
4.3,60.8,60.1
9.7,48.3,65.3
9.7,50.5,64.3
3.3,70.6,54.4
5.5,73.1,66.1
3.7,59.1,43.4
3.6,77.7,57.8
1.3,50.1,26.4
6.5,69.2,66.2
5.5,55.5,55.9
1.5,62.2,40.0
3.5,70.6,62.5
9.2,59.7,61.8
3.2,65.4,43.0
2.3,82.1,58.4
5.4,63.1,62.0
9.9,80.0,91.0
3.2,56.4,42.7
7.0,76.4,75.9
7.9,87.3,79.7
3.1,40.3,34.3
7.6,60.4,67.1
4.3,76.9,64.5
6.7,67.6,56.1
6.7,74.5,75.5
5.8,62.8,64.9
1.8,71.0,45.8
8.5,68.1,72.7
3.9,84.0,66.5
2.7,73.1,54.5
1.4,74.1,46.5
6.3,65.1,57.8
7.1,64.1,63.2
1.1,64.8,48.8
5.6,74.7,67.2
3.0,64.9,47.8
6.8,73.5,71.8
2.6,94.9,51.7
7.2,80.5,79.3
4.5,66.1,46.6
9.4,84.4,81.8
2.2,65.1,41.3
4.1,45.5,35.1
2.0,57.9,47.6
9.3,47.6,58.8
8.9,65.8,72.3
3.3,70.2,53.5
6.9,90.1,80.7
8.4,73.9,74.0
6.0,67.4,55.0
5.8,80.0,73.1
3.2,43.5,34.7
1.8,72.8,42.3
9.1,79.3,77.2
9.1,52.3,70.7
6.7,83.7,77.9
4.1,74.1,56.9
4.1,65.0,51.8
7.5,77.6,71.3
9.1,97.2,100.0
9.0,72.2,76.7
8.0,73.0,74.0
6.8,64.5,67.6
1.8,59.8,43.2
2.5,80.0,55.3
9.1,59.7,66.7
6.5,70.9,64.8
1.1,64.3,42.2
1.9,75.7,55.8
7.0,74.0,69.1
1.0,82.5,56.8
2.4,63.9,46.5
5.9,66.8,61.2
7.2,58.3,50.3
6.9,64.7,67.4
3.0,74.5,57.0
7.4,79.1,78.4
3.1,58.9,31.9
3.9,80.4,72.5
7.7,86.3,78.1
6.8,75.0,74.5
8.6,92.5,80.6
6.9,60.7,63.7
6.1,55.1,49.2
1.8,48.7,32.5
4.3,88.0,77.4
3.4,77.9,57.6
3.2,69.3,53.9
9.8,73.4,82.5
4.5,56.5,52.3
9.0,99.3,92.0
6.7,71.6,68.1
8.2,71.3,83.3
5.5,78.7,66.3
6.2,75.8,68.1
5.4,72.7,67.9
2.8,60.5,51.5
7.5,75.7,77.6
3.5,92.6,71.1
1.2,86.1,50.2
6.8,89.1,85.5
2.6,63.9,41.7
9.5,58.1,69.5
9.6,68.5,70.9
9.2,70.7,74.4
4.3,83.1,66.7
1.1,49.7,35.4
9.4,88.4,87.9
4.9,68.1,65.9
9.7,64.9,75.1
9.7,57.9,67.3
8.7,50.1,65.3
3.7,79.9,66.6
4.5,70.9,52.0
8.7,54.5,66.0
3.9,54.5,49.7
2.5,66.0,46.9
6.0,90.0,81.9
9.4,66.9,72.4
7.3,52.0,57.2
6.1,67.1,60.8
1.9,66.7,46.7
6.5,37.6,40.0
9.9,69.3,69.1
2.3,67.2,56.2
5.7,78.4,62.6
8.9,92.2,81.5
7.7,83.5,66.2
7.3,66.8,62.3
7.3,56.7,53.0
4.2,100.0,83.0
3.6,70.7,60.2
8.3,70.2,67.7
8.3,69.7,82.1
8.8,72.4,79.1
9.2,68.3,71.6
5.6,63.1,45.0
5.5,63.4,68.8
8.2,69.6,63.5
6.8,63.5,53.8
7.3,61.4,67.6
8.2,71.3,83.5
9.0,66.9,78.6
4.0,88.0,69.8
4.4,38.2,41.2
1.8,83.1,60.6
6.2,85.0,76.5
1.3,45.1,33.1
5.2,65.9,58.2
5.9,65.5,59.6
3.6,53.1,40.6
6.3,60.7,57.1
1.3,56.7,30.0
1.3,91.0,58.8
8.4,81.2,73.2
4.2,85.3,60.5
2.1,78.7,55.6
5.7,56.5,60.8
7.9,63.7,70.6
2.9,75.9,48.0
6.6,55.3,51.4
1.8,78.6,58.0
1.5,67.1,40.5
5.8,65.5,58.4
5.9,78.5,70.4
6.7,75.3,63.9
7.5,65.7,66.3
9.8,83.9,77.9
5.6,57.0,51.0
3.9,77.4,61.7
8.2,77.1,66.9
3.4,66.3,54.0
5.0,73.9,61.6
1.7,55.0,41.7
1.2,81.1,54.1
9.7,67.8,81.3
8.5,63.7,68.7
7.3,82.6,72.8
4.7,61.5,53.9
2.6,53.1,43.5
2.4,51.3,39.5
3.3,77.3,57.9
5.9,54.6,50.1
7.4,91.1,77.3
6.9,45.0,44.3
3.5,90.4,75.3
9.6,72.5,70.9
7.6,68.8,64.6
6.0,63.5,55.4
6.5,74.8,72.1
4.8,69.5,57.0
3.2,83.2,67.5
4.2,71.4,54.2
7.8,71.8,71.8
1.1,65.6,39.2
2.0,69.3,59.5
1.4,73.7,43.2
1.4,49.5,36.0
8.7,53.8,65.9
7.3,78.9,75.1
5.3,72.1,60.7
1.9,67.8,46.6
5.4,70.2,61.3
5.3,74.2,62.2
2.6,63.5,51.9
4.9,60.7,64.6
4.6,72.4,56.7
6.5,58.3,51.0
6.7,74.9,68.0
1.4,49.6,47.6
4.4,82.3,60.7
6.6,75.7,76.8
5.5,73.1,71.6
8.7,81.8,76.8
6.9,90.0,81.1
2.5,82.2,66.1
1.6,47.9,32.6
6.8,54.6,55.5
1.2,62.5,38.9
6.3,70.3,59.1
9.5,76.2,75.6
6.2,61.3,52.3
4.5,72.2,59.2
6.8,60.9,56.5
5.1,62.7,56.7
5.9,53.1,44.8
9.5,58.9,70.2
4.5,53.8,52.1
9.7,58.3,58.8
9.1,82.6,83.5
2.8,58.6,51.0
1.6,100.0,59.6
1.9,75.9,60.6
1.2,72.2,49.5
1.8,59.7,38.8
7.1,78.4,71.8
1.6,63.1,46.4
3.9,71.5,56.8
8.6,100.0,92.8
1.2,68.8,40.9
8.3,83.8,80.3
3.5,61.6,42.2
2.1,69.6,48.4
7.3,91.2,75.7
6.7,62.5,57.1
8.9,91.7,92.4
7.6,78.5,79.2
8.2,63.3,69.8
3.5,77.6,53.5
2.6,81.7,56.5
7.8,77.5,79.7
8.3,51.2,60.3
9.9,61.3,83.1
4.7,67.0,58.7
4.3,69.1,57.6
8.0,77.4,72.9
4.1,72.1,58.2
9.4,54.0,64.4
8.7,74.6,78.8
4.9,77.3,68.2
7.8,76.7,69.3
7.8,83.0,70.4
1.9,80.0,45.6
9.1,75.5,79.8
5.5,69.2,55.4
8.4,50.1,48.8
3.9,75.2,60.6
9.1,72.5,87.7
4.5,73.3,59.7
1.1,54.7,40.8
9.1,57.0,66.6
1.8,82.6,55.5
3.9,69.5,59.9
9.6,78.2,78.9
9.6,70.3,77.0
6.2,70.4,65.4
6.7,81.3,68.8
5.0,63.8,60.9
3.6,71.2,54.6
4.0,64.5,48.7
7.1,64.8,66.2
7.8,66.3,62.5
8.1,72.7,72.2
8.1,64.3,66.9
1.8,85.1,62.8
5.4,59.3,57.0
1.5,67.8,45.8
5.9,64.7,63.7
5.0,87.4,76.8
9.0,72.4,77.7
4.2,82.4,64.0
2.1,52.2,31.9
2.3,73.2,46.6
7.9,80.7,74.4
6.6,71.0,62.5
1.9,82.8,55.4
1.8,63.8,44.7
7.3,86.9,80.4
1.7,97.6,64.0
8.4,65.6,71.2
7.4,64.7,64.9
1.7,87.4,48.6
1.8,89.0,54.8
9.9,63.7,72.1
4.4,65.0,48.2
4.3,66.6,58.1
8.3,53.9,69.1
9.5,59.0,74.8
9.9,58.0,68.3
7.8,60.8,71.2
4.4,69.6,57.8
1.8,72.8,48.1
8.0,88.6,78.1
6.0,58.0,54.4
4.8,81.8,64.0
9.2,67.4,73.4
2.0,69.4,49.4
5.4,78.1,65.9
1.1,56.5,40.0
5.2,74.6,69.0
1.5,72.0,53.2
2.1,75.9,45.4
2.1,73.5,38.5
6.8,99.5,88.3
7.7,62.3,57.6
6.3,63.6,58.9
9.7,62.5,65.5
4.4,63.3,44.3
3.6,62.4,52.6
8.8,84.3,85.2
3.0,87.0,59.9
9.7,63.2,58.8
1.1,60.0,37.2
9.7,75.7,81.4
1.4,63.4,35.5
9.0,77.6,79.0
5.7,72.4,63.5
9.9,51.8,68.8
1.7,88.6,59.6
6.0,91.6,71.0
9.7,62.6,77.6
5.7,65.3,58.4
6.7,73.4,67.2
7.3,74.0,65.2
5.1,77.9,62.3
6.6,94.1,75.3
6.3,67.9,61.8
9.1,60.4,76.7
1.4,53.4,30.1
3.5,61.2,41.0
9.6,69.6,82.6
9.0,91.5,85.4
5.1,63.8,52.8
6.6,72.7,71.8
3.5,69.8,51.1
2.7,84.3,69.1
5.2,100.0,81.5
4.2,63.6,50.4
6.3,64.1,71.1
1.7,82.5,52.4
9.8,78.2,84.8
9.9,92.2,91.4
